patient_id,age,gender,admission_date,discharge_date,length_of_stay,diagnosis,symptoms,comorbidities,procedures,treatment_summary,discharge_condition,discharge_medications,follow_up,discharge_summary
SYN000001,62,Female,2026-03-02,2026-03-08,6,Urinary tract infection,Painful urination and frequent urination,None recorded,Urine test,Received treatment for urinary tract infection and improved,Stable,Discharge medications as prescribed for the infection,Follow up with a healthcare professional in 7 days,"A 62-year-old female was admitted with painful urination and frequent urination. The recorded diagnosis was Urinary tract infection. The patient received care and improved during the stay, then was discharged in stable condition. Follow up with a healthcare professional in 7 days."
SYN000002,25,Male,2026-08-16,2026-08-22,6,Acute gastroenteritis,"Diarrhea, nausea, and abdominal cramps",None recorded,Clinical assessment,Received supportive care and improved during admission,Stable,Discharge medications as prescribed,Follow up with a healthcare professional if symptoms continue,"A 25-year-old male was admitted with diarrhea, nausea, and abdominal cramps. The recorded diagnosis was Acute gastroenteritis. The patient received care and improved during the stay, then was discharged in stable condition. Follow up with a healthcare professional if symptoms continue."
SYN000003,26,Female,2026-06-21,2026-06-22,1,Acute gastroenteritis,"Diarrhea, nausea, and abdominal cramps",None recorded,Clinical assessment,Received supportive care and improved during admission,Stable,Discharge medications as prescribed,Follow up with a healthcare professional if symptoms continue,"A 26-year-old female was admitted with diarrhea, nausea, and abdominal cramps. The recorded diagnosis was Acute gastroenteritis. The patient received care and improved during the stay, then was discharged in stable condition. Follow up with a healthcare professional if symptoms continue."
SYN000004,24,Female,2026-03-31,2026-04-04,4,Urinary tract infection,Painful urination and frequent urination,None recorded,Urine test,Received treatment for urinary tract infection and improved,Stable,Discharge medications as prescribed for the infection,Follow up with a healthcare professional in 7 days,"A 24-year-old female was admitted with painful urination and frequent urination. The recorded diagnosis was Urinary tract infection. The patient received care and improved during the stay, then was discharged in stable condition. Follow up with a healthcare professional in 7 days."
SYN000005,51,Female,2026-01-09,2026-01-13,4,Acute gastroenteritis,"Diarrhea, nausea, and abdominal cramps",None recorded,Clinical assessment,Received supportive care and improved during admission,Stable,Discharge medications as prescribed,Follow up with a healthcare professional if symptoms continue,"A 51-year-old female was admitted with diarrhea, nausea, and abdominal cramps. The recorded diagnosis was Acute gastroenteritis. The patient received care and improved during the stay, then was discharged in stable condition. Follow up with a healthcare professional if symptoms continue."
SYN000006,27,Male,2026-06-01,2026-06-08,7,Urinary tract infection,Painful urination and frequent urination,None recorded,Urine test,Received treatment for urinary tract infection and improved,Stable,Discharge medications as prescribed for the infection,Follow up with a healthcare professional in 7 days,"A 27-year-old male was admitted with painful urination and frequent urination. The recorded diagnosis was Urinary tract infection. The patient received care and improved during the stay, then was discharged in stable condition. Follow up with a healthcare professional in 7 days."
SYN000007,42,Female,2026-01-07,2026-01-09,2,Acute gastroenteritis,"Diarrhea, nausea, and abdominal cramps",None recorded,Clinical assessment,Received supportive care and improved during admission,Stable,Discharge medications as prescribed,Follow up with a healthcare professional if symptoms continue,"A 42-year-old female was admitted with diarrhea, nausea, and abdominal cramps. The recorded diagnosis was Acute gastroenteritis. The patient received care and improved during the stay, then was discharged in stable condition. Follow up with a healthcare professional if symptoms continue."
SYN000008,38,Male,2026-07-29,2026-08-04,6,Community-acquired pneumonia,"Fever, cough, and shortness of breath",None recorded,Chest X-ray,Received treatment for pneumonia and improved during admission,Stable,Discharge medications as prescribed for pneumonia,Follow up with a healthcare professional in 7 days,"A 38-year-old male was admitted with fever, cough, and shortness of breath. The recorded diagnosis was Community-acquired pneumonia. The patient received care and improved during the stay, then was discharged in stable condition. Follow up with a healthcare professional in 7 days."
SYN000009,38,Female,2026-06-20,2026-06-23,3,Urinary tract infection,Painful urination and frequent urination,None recorded,Urine test,Received treatment for urinary tract infection and improved,Stable,Discharge medications as prescribed for the infection,Follow up with a healthcare professional in 7 days,"A 38-year-old female was admitted with painful urination and frequent urination. The recorded diagnosis was Urinary tract infection. The patient received care and improved during the stay, then was discharged in stable condition. Follow up with a healthcare professional in 7 days."
SYN000010,36,Male,2026-05-28,2026-06-04,7,Acute gastroenteritis,"Diarrhea, nausea, and abdominal cramps",None recorded,Clinical assessment,Received supportive care and improved during admission,Stable,Discharge medications as prescribed,Follow up with a healthcare professional if symptoms continue,"A 36-year-old male was admitted with diarrhea, nausea, and abdominal cramps. The recorded diagnosis was Acute gastroenteritis. The patient received care and improved during the stay, then was discharged in stable condition. Follow up with a healthcare professional if symptoms continue."
SYN000011,20,Female,2026-08-18,2026-08-21,3,Acute gastroenteritis,"Diarrhea, nausea, and abdominal cramps",None recorded,Clinical assessment,Received supportive care and improved during admission,Stable,Discharge medications as prescribed,Follow up with a healthcare professional if symptoms continue,"A 20-year-old female was admitted with diarrhea, nausea, and abdominal cramps. The recorded diagnosis was Acute gastroenteritis. The patient received care and improved during the stay, then was discharged in stable condition. Follow up with a healthcare professional if symptoms continue."
SYN000012,68,Male,2026-05-12,2026-05-14,2,Acute gastroenteritis,"Diarrhea, nausea, and abdominal cramps",None recorded,Clinical assessment,Received supportive care and improved during admission,Stable,Discharge medications as prescribed,Follow up with a healthcare professional if symptoms continue,"A 68-year-old male was admitted with diarrhea, nausea, and abdominal cramps. The recorded diagnosis was Acute gastroenteritis. The patient received care and improved during the stay, then was discharged in stable condition. Follow up with a healthcare professional if symptoms continue."
SYN000013,52,Male,2026-08-27,2026-09-02,6,Acute gastroenteritis,"Diarrhea, nausea, and abdominal cramps",None recorded,Clinical assessment,Received supportive care and improved during admission,Stable,Discharge medications as prescribed,Follow up with a healthcare professional if symptoms continue,"A 52-year-old male was admitted with diarrhea, nausea, and abdominal cramps. The recorded diagnosis was Acute gastroenteritis. The patient received care and improved during the stay, then was discharged in stable condition. Follow up with a healthcare professional if symptoms continue."
SYN000014,33,Female,2026-02-02,2026-02-04,2,Urinary tract infection,Painful urination and frequent urination,None recorded,Urine test,Received treatment for urinary tract infection and improved,Stable,Discharge medications as prescribed for the infection,Follow up with a healthcare professional in 7 days,"A 33-year-old female was admitted with painful urination and frequent urination. The recorded diagnosis was Urinary tract infection. The patient received care and improved during the stay, then was discharged in stable condition. Follow up with a healthcare professional in 7 days."
SYN000015,40,Female,2026-08-24,2026-08-29,5,Community-acquired pneumonia,"Fever, cough, and shortness of breath",None recorded,Chest X-ray,Received treatment for pneumonia and improved during admission,Stable,Discharge medications as prescribed for pneumonia,Follow up with a healthcare professional in 7 days,"A 40-year-old female was admitted with fever, cough, and shortness of breath. The recorded diagnosis was Community-acquired pneumonia. The patient received care and improved during the stay, then was discharged in stable condition. Follow up with a healthcare professional in 7 days."
SYN000016,69,Female,2026-06-16,2026-06-18,2,Community-acquired pneumonia,"Fever, cough, and shortness of breath",None recorded,Chest X-ray,Received treatment for pneumonia and improved during admission,Stable,Discharge medications as prescribed for pneumonia,Follow up with a healthcare professional in 7 days,"A 69-year-old female was admitted with fever, cough, and shortness of breath. The recorded diagnosis was Community-acquired pneumonia. The patient received care and improved during the stay, then was discharged in stable condition. Follow up with a healthcare professional in 7 days."
SYN000017,43,Male,2026-02-15,2026-02-20,5,Urinary tract infection,Painful urination and frequent urination,None recorded,Urine test,Received treatment for urinary tract infection and improved,Stable,Discharge medications as prescribed for the infection,Follow up with a healthcare professional in 7 days,"A 43-year-old male was admitted with painful urination and frequent urination. The recorded diagnosis was Urinary tract infection. The patient received care and improved during the stay, then was discharged in stable condition. Follow up with a healthcare professional in 7 days."
SYN000018,78,Female,2026-08-23,2026-08-28,5,Urinary tract infection,Painful urination and frequent urination,None recorded,Urine test,Received treatment for urinary tract infection and improved,Stable,Discharge medications as prescribed for the infection,Follow up with a healthcare professional in 7 days,"A 78-year-old female was admitted with painful urination and frequent urination. The recorded diagnosis was Urinary tract infection. The patient received care and improved during the stay, then was discharged in stable condition. Follow up with a healthcare professional in 7 days."
SYN000019,28,Male,2026-09-06,2026-09-08,2,Acute gastroenteritis,"Diarrhea, nausea, and abdominal cramps",None recorded,Clinical assessment,Received supportive care and improved during admission,Stable,Discharge medications as prescribed,Follow up with a healthcare professional if symptoms continue,"A 28-year-old male was admitted with diarrhea, nausea, and abdominal cramps. The recorded diagnosis was Acute gastroenteritis. The patient received care and improved during the stay, then was discharged in stable condition. Follow up with a healthcare professional if symptoms continue."
SYN000020,18,Female,2026-07-20,2026-07-22,2,Community-acquired pneumonia,"Fever, cough, and shortness of breath",None recorded,Chest X-ray,Received treatment for pneumonia and improved during admission,Stable,Discharge medications as prescribed for pneumonia,Follow up with a healthcare professional in 7 days,"A 18-year-old female was admitted with fever, cough, and shortness of breath. The recorded diagnosis was Community-acquired pneumonia. The patient received care and improved during the stay, then was discharged in stable condition. Follow up with a healthcare professional in 7 days."
